的, 592526
一, 207598
是, 195481
不, 162831
有, 145116
在, 141552
人, 135846
我, 102508
了, 96829
大, 93452
為, 92366
中, 88452
以, 88107
這, 82992
會, 80649
他, 77213
個, 75322
來, 74995
國, 73966
上, 72239
生, 68958
時, 67941
年, 66446
到, 65746
學, 65379
要, 62503
也, 62382
可, 61517
出, 61177
就, 58148
們, 56004
對, 55542
之, 55456
而, 55226
成, 52928
地, 52707
能, 52575
於, 50245
說, 49889
自, 47696
家, 47610
後, 47042
多, 47041
與, 46753
十, 46416
所, 45407
得, 45111
過, 44300
作, 41942
行, 41384
子, 41276
發, 41235
和, 41204
下, 41158
都, 41049
台, 40343
用, 39731
方, 39493
因, 39376
經, 39153
如, 37887
現, 37871
心, 37730
前, 37450
法, 37356
小, 36899
分, 36827
日, 36807
公, 36257
天, 36053
然, 35939
動, 35315
及, 34918
好, 34916
三, 34728
事, 34459
同, 34198
長, 33775
業, 33595
著, 33545
其, 33405
主, 33271
但, 32567
本, 32540
開, 32485
此, 32472
當, 32469
民, 32373
二, 31915
性, 31876
外, 31728
者, 31578
將, 31404
理, 31358
去, 30592
那, 30053
定, 30032
面, 29935
教, 29918
文, 29533
最, 29514
工, 29424
力, 29381
高, 29054
表, 29022
間, 28909
看, 28494
你, 28312
新, 27940
種, 27846
實, 27823
體, 27560
由, 27485
部, 27255
政, 26803
進, 26790
意, 26634
沒, 26581
很, 26475
等, 26364
無, 26265
她, 26258
麼, 26147
美, 26080
重, 25985
還, 25855
情, 25299
已, 25088
起, 24939
道, 24721
內, 24707
只, 24532
全, 24251
市, 23997
並, 23873
化, 23726
相, 23676
想, 23573
電, 23564
關, 23424
女, 23392
加, 23159
場, 23037
五, 22835
或, 22823
兩, 22516
代, 22508
應, 22465
合, 22395
位, 22290
點, 22219
機, 22169
四, 22158
從, 22080
樣, 21910
灣, 21729
度, 21644
些, 21522
使, 21438
正, 21413
明, 21384
資, 21071
月, 21016
目, 20602
問, 20514
物, 20472
常, 20371
員, 20325
立, 20164
果, 19670
至, 19520
１, 19262
名, 19245
０, 19240
裡, 19202
更, 19153
水, 19145
活, 19024
提, 18630
產, 18625
老, 18624
期, 18529
身, 18506
第, 18490
次, 18295
各, 18277
社, 18237
則, 18228
比, 18198
品, 18138
建, 18133
手, 18060
入, 18053
示, 17957
受, 17946
知, 17929
再, 17799
被, 17789
己, 17731
式, 17487
題, 17432
原, 17355
做, 17203
路, 17142
回, 17048
計, 17030
處, 16959
才, 16943
感, 16852
金, 16575
統, 16546
特, 16478
百, 16414
又, 16410
利, 16408
九, 16360
師, 16257
少, 16248
區, 16163
認, 16066
八, 15890
北, 15811
解, 15792
今, 15787
向, 15639
通, 15615
展, 15508
元, 15501
觀, 15485
數, 15370
頭, 15363
院, 15317
先, 15309
六, 15244
保, 15233
像, 15171
世, 15137
設, 15112
車, 14992
指, 14990
讓, 14984
程, 14936
書, 14871
每, 14608
任, 14529
接, 14493
氣, 14408
研, 14382
影, 14358
見, 14321
山, 14310
務, 14305
真, 14297
結, 14292
選, 14192
話, 14147
校, 14117
何, 14109
未, 14096
變, 14085
別, 13959
許, 13943
東, 13809
總, 13799
什, 13763
平, 13662
把, 13578
界, 13573
該, 13531
太, 13507
術, 13506
信, 13485
色, 13426
七, 13408
傳, 13394
管, 13393
卻, 13385
量, 13346
安, 13248
打, 13227
萬, 13182
調, 13068
司, 13027
光, 13025
覺, 13021
海, 12961
基, 12929
造, 12897
樂, 12851
運, 12819
交, 12813
西, 12808
報, 12804
系, 12694
商, 12650
求, 12643
論, 12591
空, 12534
反, 12489
必, 12468
育, 12453
望, 12413
近, 12407
究, 12367
給, 12323
強, 12289
非, 12283
口, 12268
案, 12248
放, 12225
愛, 12171
類, 12163
畫, 12144
視, 12132
形, 12122
風, 12113
科, 12096
較, 11977
導, 11969
義, 11892
２, 11885
議, 11805
共, 11790
即, 11758
完, 11697
組, 11607
達, 11563
幾, 11543
辦, 11497
流, 11414
言, 11325
考, 11295
林, 11291
專, 11284
單, 11203
整, 11159
張, 11149
費, 11083
制, 11081
難, 11068
權, 11031
走, 10981
規, 10971
改, 10947
除, 10944
華, 10911
且, 10900
醫, 10823
往, 10802
持, 10765
直, 10760
神, 10721
府, 10662
價, 10644
治, 10591
球, 10590
局, 10547
門, 10528
音, 10518
服, 10495
帶, 10475
演, 10427
具, 10400
件, 10384
決, 10324
聲, 10290
兒, 10239
容, 10235
清, 10232
取, 10226
連, 10205
便, 10187
它, 10154
親, 10152
團, 10131
住, 10129
花, 10118
需, 10088
千, 10086
南, 10057
友, 9985
記, 9970
語, 9919
命, 9896
參, 9870
孩, 9855
象, 9764
約, 9631
質, 9599
戰, 9493
包, 9473
收, 9346
候, 9299
男, 9240
請, 9239
病, 9236
９, 9224
另, 9215
推, 9197
告, 9183
士, 9139
眾, 9124
白, 9112
始, 9097
投, 9073
境, 9058
際, 8995
環, 8956
格, 8950
陳, 8853
型, 8796
技, 8782
史, 8781
馬, 8728
營, 8707
曾, 8686
線, 8681
舉, 8624
查, 8623
片, 8598
眼, 8594
轉, 8580
仍, 8543
深, 8534
標, 8526
失, 8511
滿, 8498
聽, 8485
雖, 8464
聯, 8448
據, 8429
隊, 8396
網, 8385
思, 8379
料, 8373
助, 8333
例, 8306
３, 8298
步, 8251
供, 8245
驗, 8239
黨, 8190
園, 8185
項, 8175
快, 8170
王, 8148
存, 8106
態, 8096
藝, 8089
客, 8074
條, 8065
念, 8048
爭, 8047
軍, 8038
易, 8037
識, 8035
引, 8008
字, 8008
須, 7986
５, 7977
陸, 7958
功, 7945
希, 7917
精, 7889
興, 7861
呢, 7832
委, 7831
歷, 7749
顯, 7740
消, 7702
德, 7682
續, 7660
節, 7596
遠, 7590
習, 7559
濟, 7559
母, 7557
吃, 7478
確, 7440
集, 7425
訊, 7423
效, 7410
備, 7353
跟, 7338
課, 7318
照, 7314
否, 7299
份, 7271
半, 7262
落, 7262
般, 7212
英, 7197
早, 7196
響, 7193
準, 7192
預, 7183
圖, 7157
算, 7152
極, 7141
廣, 7112
依, 7108
李, 7098
係, 7053
若, 7033
死, 7031
亞, 7027
斯, 7018
腦, 7005
媽, 7005
星, 6950
創, 6937
寫, 6929
８, 6924
４, 6913
邊, 6906
離, 6906
遊, 6890
族, 6880
修, 6867
根, 6857
級, 6856
證, 6852
昨, 6846
增, 6797
景, 6790
土, 6787
角, 6763
領, 6740
輕, 6740
率, 6739
構, 6731
拉, 6681
段, 6655
況, 6633
低, 6632
股, 6584
父, 6580
源, 6539
支, 6532
熱, 6531
喜, 6521
甚, 6519
勢, 6471
談, 6470
找, 6463
首, 6462
足, 6457
值, 6454
斷, 6430
紀, 6410
賽, 6370
食, 6368
黃, 6362
器, 6336
底, 6332
施, 6329
歡, 6315
縣, 6276
講, 6259
獲, 6224
廠, 6208
切, 6182
協, 6179
令, 6177
隨, 6155
官, 6151
致, 6139
克, 6124
朋, 6095
稱, 6057
適, 6043
錢, 6031
似, 6030
警, 6028
讀, 6015
列, 6012
企, 5964
臺, 5943
配, 5933
古, 5926
試, 5912
故, 5879
館, 5878
排, 5872
６, 5845
爾, 5817
護, 5802
怎, 5782
製, 5774
負, 5771
討, 5764
室, 5759
限, 5756
乎, 5686
歲, 5654
飛, 5633
速, 5620
劃, 5609
火, 5592
屬, 5590
班, 5579
檢, 5578
維, 5563
房, 5563
石, 5555
職, 5552
留, 5535
超, 5534
願, 5531
雙, 5520
越, 5515
群, 5506
責, 5506
青, 5480
層, 5469
害, 5457
待, 5442
紅, 5442
阿, 5416
策, 5409
香, 5408
養, 5407
夠, 5403
啊, 5401
防, 5400
布, 5396
夫, 5392
嚴, 5391
免, 5369
居, 5345
號, 5337
細, 5316
農, 5312
採, 5308
省, 5263
城, 5258
買, 5218
裝, 5206
終, 5203
異, 5197
晚, 5193
初, 5185
絕, 5173
狀, 5171
僅, 5163
７, 5145
透, 5132
獨, 5111
模, 5094
括, 5063
笑, 5061
叫, 5050
積, 5050
財, 5037
藥, 5036
送, 5030
差, 4992
黑, 4976
站, 4975
均, 4972
壓, 4947
傷, 4937
破, 4909
刻, 4905
假, 4898
評, 4893
善, 4877
劇, 4877
息, 4863
戲, 4853
苦, 4846
嗎, 4832
福, 4793
味, 4789
歌, 4762
擔, 4757
注, 4752
鄉, 4746
印, 4740
洲, 4732
雄, 4726
久, 4708
優, 4698
周, 4652
練, 4637
充, 4628
停, 4628
票, 4618
舞, 4614
座, 4605
訴, 4549
旅, 4544
拿, 4529
謝, 4506
卡, 4500
港, 4488
血, 4488
察, 4482
店, 4464
療, 4453
換, 4445
健, 4443
戶, 4441
銷, 4437
亦, 4430
奇, 4427
錄, 4425
聞, 4417
止, 4410
剛, 4407
夜, 4401
素, 4376
益, 4341
勞, 4336
％, 4333
錯, 4303
午, 4292
里, 4267
簡, 4246
蘭, 4236
顧, 4234
尼, 4233
密, 4229
升, 4218
樹, 4212
羅, 4211
詞, 4198
減, 4186
突, 4186
擊, 4186
築, 4182
婚, 4181
置, 4180
銀, 4165
波, 4133
派, 4125
富, 4120
陽, 4104
漸, 4102
億, 4099
賣, 4093
補, 4082
復, 4079
庭, 4077
竟, 4075
婦, 4063
巴, 4060
版, 4055
威, 4044
龍, 4042
酒, 4036
普, 4029
獎, 4028
餘, 4022
追, 4015
執, 4004
某, 3981
麗, 3976
述, 3970
玩, 3965
良, 3961
草, 3960
擇, 3953
臨, 3946
爸, 3935
答, 3932
承, 3923
魚, 3910
繼, 3896
織, 3896
測, 3886
缺, 3877
樓, 3872
授, 3863
衛, 3854
靈, 3836
幫, 3826
野, 3816
購, 3815
移, 3812
溫, 3811
筆, 3802
吧, 3794
宗, 3775
懷, 3771
律, 3765
木, 3761
油, 3759
佛, 3753
階, 3751
河, 3751
緊, 3729
降, 3725
智, 3722
春, 3721
訓, 3711
互, 3704
禮, 3702
怕, 3698
材, 3688
痛, 3684
吸, 3672
範, 3671
唱, 3670
宣, 3666
倒, 3658
短, 3656
吳, 3647
款, 3639
詩, 3627
永, 3618
貨, 3617
皮, 3603
趣, 3595
背, 3587
童, 3579
靜, 3575
微, 3565
坐, 3554
退, 3549
域, 3540
寶, 3534
雜, 3531
抗, 3516
疑, 3506
志, 3506
險, 3501
妳, 3501
困, 3493
休, 3492
村, 3489
盡, 3478
島, 3477
登, 3469
句, 3465
歐, 3461
腳, 3453
曲, 3445
迷, 3439
季, 3422
彈, 3419
副, 3398
介, 3388
典, 3387
殺, 3372
圍, 3367
勝, 3361
軟, 3346
左, 3343
編, 3340
急, 3332
康, 3326
堂, 3319
佳, 3316
愈, 3307
額, 3302
竹, 3301
拍, 3297
媒, 3292
慢, 3291
蘇, 3283
激, 3281
尤, 3268
救, 3257
遭, 3253
哥, 3250
售, 3234
避, 3218
茶, 3209
訂, 3203
訪, 3202
漢, 3199
博, 3198
判, 3193
競, 3192
榮, 3188
弟, 3186
板, 3181
謂, 3178
順, 3160
藏, 3152
針, 3149
尋, 3148
露, 3139
附, 3138
尚, 3135
（, 3133
略, 3130
週, 3124
毛, 3122
洋, 3120
毒, 3119
衝, 3116
申, 3113
雨, 3107
0, 3101
舊, 3099
央, 3095
控, 3094
核, 3092
逐, 3091
彩, 3088
冷, 3086
朝, 3081
融, 3074
）, 3073
穿, 3072
盤, 3072
畢, 3070
慮, 3062
亮, 3059
臉, 3057
沙, 3046
京, 3042
右, 3041
誰, 3039
餐, 3037
章, 3034
秀, 3019
岸, 3009
牌, 3007
楚, 3003
江, 2999
套, 2975
衣, 2975
障, 2962
宜, 2958
武, 2955
射, 2952
街, 2951
貴, 2950
烈, 2947
壞, 2945
探, 2944
聖, 2935
鳥, 2911
釋, 2909
劉, 2894
納, 2882
牛, 2882
革, 2878
擁, 2868
遇, 2861
航, 2858
亂, 2855
葉, 2854
船, 2852
豐, 2842
估, 2837
恐, 2832
徵, 2828
染, 2821
掉, 2818
鐵, 2816
危, 2816
屋, 2813
圓, 2812
飯, 2811
藉, 2810
付, 2810
跑, 2807
哪, 2802
延, 2792
批, 2788
遺, 2786
呼, 2781
驚, 2780
潮, 2775
散, 2774
肉, 2755
夢, 2750
隻, 2750
予, 2748
守, 2731
幸, 2711
廿, 2709
幅, 2698
稅, 2684
輸, 2677
鎮, 2675
鼓, 2673
惡, 2673
旁, 2673
私, 2662
輔, 2662
盛, 2662
塊, 2660
享, 2659
暴, 2656
績, 2653
跳, 2650
審, 2647
靠, 2635
怪, 2635
播, 2631
席, 2625
零, 2623
架, 2611
索, 2610
忙, 2610
揮, 2601
紛, 2596
掌, 2584
賞, 2572
震, 2558
症, 2557
菜, 2549
既, 2524
米, 2518
析, 2515
呀, 2495
陣, 2492
紙, 2492
玉, 2491
擴, 2489
森, 2487
歸, 2482
敗, 2473
庫, 2472
概, 2464
招, 2460
宮, 2460
固, 2454
仁, 2451
鐘, 2442
夏, 2439
努, 2434
含, 2430
喝, 2428
您, 2426
犯, 2425
田, 2424
雲, 2422
脫, 2420
尊, 2417
淡, 2415
奧, 2406
患, 2404
複, 2404
熟, 2404
楊, 2397
慶, 2397
籍, 2393
唯, 2362
禁, 2359
肯, 2356
勵, 2355
乾, 2352
憶, 2342
迎, 2331
堅, 2327
觸, 2321
誤, 2321
攝, 2305
兵, 2295
溝, 2291
雅, 2287
妹, 2279
拜, 2272
純, 2266
綠, 2264
符, 2262
廳, 2260
呈, 2249
植, 2246
署, 2243
趕, 2240
端, 2239
頓, 2235
．, 2234
州, 2233
絲, 2230
游, 2226
序, 2222
幹, 2218
途, 2212
伊, 2203
燈, 2186
災, 2185
浪, 2184
佔, 2182
培, 2180
束, 2179
邀, 2177
慧, 2175
攻, 2169
促, 2162
偏, 2157
棄, 2148
尺, 2144
亡, 2143
罪, 2141
距, 2135
隔, 2134
伯, 2129
敢, 2126
監, 2124
忘, 2122
幕, 2122
挑, 2117
胡, 2105
瑞, 2099
湖, 2099
抱, 2088
鮮, 2086
握, 2085
泰, 2077
隆, 2059
戀, 2053
誠, 2050
睡, 2048
皆, 2046
橋, 2046
棒, 2046
召, 2044
韓, 2041
姓, 2040
寬, 2036
遍, 2027
暗, 2027
啟, 2026
幣, 2026
洗, 2022
吉, 2020
折, 2019
頂, 2004
忽, 2001
抽, 2001
翻, 2001
牙, 1997
按, 1992
封, 1990
妻, 1990
哈, 1988
巧, 1978
硬, 1973
隱, 1973
俗, 1969
漫, 1968
搭, 1966
倫, 1962
儘, 1958
輪, 1958
啦, 1946
振, 1945
弱, 1941
替, 1940
刺, 1930
飾, 1930
珍, 1929
鏡, 1926
祖, 1924
床, 1923
頻, 1922
乏, 1922
秋, 1921
盟, 1920
慣, 1919
飲, 1917
迫, 1913
緣, 1907
雪, 1902
損, 1900
佈, 1897
秘, 1887
宿, 1885
蓋, 1883
醒, 1883
穩, 1877
碼, 1873
姐, 1870
惠, 1864
聚, 1862
欣, 1859
涉, 1853
操, 1852
違, 1847
牠, 1845
檔, 1844
耳, 1840
偶, 1837
沈, 1833
殊, 1832
帝, 1827
忍, 1827
趨, 1821
悲, 1817
宋, 1816
麻, 1815
篇, 1808
賴, 1808
琴, 1808
詢, 1806
乃, 1805
彼, 1805
坡, 1802
閒, 1799
董, 1797
援, 1792
累, 1789
仔, 1785
癌, 1783
嘉, 1782
載, 1780
辛, 1780
擬, 1780
獻, 1775
諸, 1771
諾, 1768
骨, 1768
擾, 1764
揚, 1757
嗯, 1755
默, 1748
巨, 1731
屆, 1728
髮, 1727
徒, 1726
胞, 1723
刊, 1722
懂, 1721
縮, 1716
緩, 1701
莫, 1697
殘, 1696
礎, 1681
嫌, 1674
逃, 1674
繁, 1671
忠, 1665
緒, 1664
厚, 1663
洛, 1659
貿, 1658
偉, 1658
蟲, 1656
鬆, 1655
婆, 1655
漲, 1653
尾, 1646
塑, 1644
映, 1643
奏, 1642
仰, 1641
雷, 1639
廢, 1638
賓, 1637
牆, 1634
哲, 1633
搖, 1633
漁, 1633
頗, 1631
毫, 1631
末, 1628
冰, 1625
虛, 1624
潛, 1619
輝, 1616
混, 1615
貝, 1614
川, 1613
冠, 1613
勇, 1613
桌, 1610
凡, 1608
督, 1607
儀, 1605
紹, 1604
藍, 1600
輯, 1599
窗, 1599
伴, 1598
孫, 1598
溪, 1598
描, 1597
籌, 1596
蓮, 1588
欲, 1584
貼, 1583
汽, 1582
簽, 1582
誌, 1566
擺, 1566
措, 1566
鋼, 1565
搶, 1560
刀, 1557
遷, 1553
寧, 1547
幼, 1546
燒, 1545
洞, 1538
敏, 1538
圈, 1535
莊, 1529
冬, 1509
鬼, 1508
齊, 1507
丁, 1505
暫, 1488
煙, 1488
兼, 1487
舍, 1483
侵, 1481
惜, 1461
券, 1452
淨, 1451
宏, 1451
傾, 1451
峰, 1449
刑, 1442
孔, 1440
陰, 1439
塞, 1436
匯, 1435
阻, 1433
湯, 1426
旦, 1425
干, 1424
宇, 1421
娘, 1419
濃, 1419
鬥, 1417
﹒, 1413
跌, 1412
皇, 1405
鄭, 1405
伸, 1404
乘, 1403
徐, 1403
跡, 1403
抵, 1399
污, 1395
覽, 1395
借, 1393
偷, 1393
捕, 1393
顏, 1393
焦, 1392
蛋, 1391
摩, 1391
朱, 1389
兄, 1386
沉, 1386
爆, 1384
礙, 1383
睛, 1383
宅, 1377
唐, 1376
君, 1374
裁, 1373
番, 1371
倍, 1370
診, 1365
梅, 1365
掛, 1364
狂, 1361
虎, 1361
殖, 1358
鍵, 1356
桃, 1354
恩, 1354
傑, 1353
澤, 1352
嘛, 1352
併, 1351
邦, 1350
捷, 1350
甲, 1349
雕, 1348
炎, 1348
衡, 1346
鬧, 1345
槍, 1345
扮, 1341
絡, 1340
繪, 1339
蔡, 1329
沿, 1325
租, 1320
趙, 1319
陷, 1316
貌, 1315
塔, 1314
曼, 1314
晶, 1312
艾, 1312
煩, 1309
碰, 1308
覆, 1308
坦, 1303
涵, 1303
托, 1303
嘴, 1302
返, 1301
狗, 1298
疾, 1298
陶, 1296
浮, 1294
齡, 1290
蒙, 1287
荷, 1286
戴, 1285
晨, 1285
松, 1283
雞, 1283
憂, 1282
液, 1278
奶, 1276
魯, 1275
豬, 1270
杯, 1268
豪, 1268
敬, 1267
爺, 1264
旗, 1261
○, 1260
姊, 1257
稍, 1256
喔, 1255
抓, 1253
谷, 1251
瓦, 1250
泥, 1249
酸, 1248
契, 1247
妙, 1246
玲, 1245
冒, 1245
勒, 1244
柏, 1236
Ｂ, 1236
徑, 1233
窮, 1232
滑, 1231
昇, 1228
奮, 1227
哭, 1223
拒, 1216
丹, 1215
珠, 1214
幻, 1214
脈, 1212
紐, 1207
寒, 1204
烏, 1204
耐, 1200
Ｉ, 1200
堆, 1197
鄰, 1196
麥, 1195
羊, 1194
壯, 1191
赴, 1190
凱, 1186
瞭, 1185
粉, 1185
ｅ, 1182
咖, 1181
仙, 1180
獅, 1177
託, 1174
弄, 1173
卅, 1171
寄, 1171
暖, 1170
閉, 1169
橫, 1167
踏, 1166
郎, 1165
舒, 1158
郭, 1157
袋, 1156
甘, 1156
鑑, 1155
洪, 1153
奈, 1151
憲, 1147
廟, 1142
泡, 1142
壁, 1141
淚, 1140
膚, 1139
剩, 1136
泉, 1129
陪, 1128
灰, 1125
罰, 1125
鞋, 1125
魔, 1125
滅, 1124
籃, 1123
耶, 1122
跨, 1121
顆, 1121
柔, 1119
渡, 1118
閱, 1118
池, 1118
帳, 1117
輩, 1117
聊, 1114
糖, 1100
孤, 1095
墨, 1092
裂, 1092
丈, 1090
怨, 1087
側, 1086
躍, 1086
慈, 1085
薪, 1080
姻, 1080
詳, 1079
胸, 1079
祝, 1078
悉, 1077
偵, 1076
瑪, 1075
劑, 1071
捐, 1071
錦, 1070
曉, 1067
箱, 1064
滋, 1063
奪, 1063
孝, 1062
嘗, 1061
尖, 1061
販, 1061
旋, 1059
敵, 1058
償, 1058
ａ, 1057
搬, 1056
潔, 1054
氏, 1054
賺, 1054
澳, 1049
熊, 1048
辭, 1046
占, 1045
循, 1043
譯, 1043
斤, 1042
肥, 1041
杜, 1040
掃, 1039
戒, 1038
郵, 1037
菲, 1037
閃, 1037
啡, 1036
吹, 1036
鎖, 1032
裏, 1032
輛, 1031
堡, 1030
搞, 1028
朗, 1025
碟, 1023
柯, 1022
瓶, 1020
氛, 1019
綜, 1018
拔, 1017
勤, 1016
萊, 1013
贏, 1004
乳, 1002
貧, 998
嚇, 997
喊, 997
甜, 995
俊, 993
駐, 991
麵, 988
滾, 988
圾, 985
垃, 984
崇, 983
薄, 983
徹, 983
祭, 981
荒, 980
蹤, 978
眉, 977
貓, 976
Ｍ, 972
卷, 969
糊, 969
姿, 968
壇, 968
慾, 966
苗, 965
猶, 964
梁, 964
漂, 964
芳, 960
喪, 959
擠, 957
蕭, 956
泛, 954
准, 953
蹈, 953
涼, 950
‧, 949
罵, 949
肝, 947
騎, 946
罷, 945
菌, 944
怒, 943
櫃, 940
牽, 939
衰, 935
遲, 933
盜, 932
迴, 930
幽, 929
冊, 926
贊, 923
枝, 922
鼠, 922
鳳, 915
扣, 915
壽, 914
伍, 913
憑, 913
摸, 911
譬, 911
割, 911
縱, 911
蹟, 910
孕, 909
謀, 906
扁, 903
攤, 903
毀, 902
膽, 901
迅, 900
貫, 899
炸, 899
誕, 897
串, 895
疫, 894
巡, 894
悟, 894
撞, 893
淑, 892
埔, 889
鼻, 889
闆, 888
膠, 886
粗, 885
慘, 884
鍾, 883
胎, 883
奔, 883
註, 881
廚, 881
彰, 874
貢, 874
Ｃ, 874
璃, 873
瓜, 873
腿, 873
臟, 867
薩, 867
添, 866
債, 866
繫, 865
凌, 865
腹, 864
{, 864
}, 863
疏, 862
碎, 860
祥, 859
拖, 858
獵, 858
梯, 857
勁, 856
插, 854
銘, 853
腸, 852
奉, 851
敦, 851
恢, 851
爬, 849
蛇, 848
寺, 848
潤, 848
紋, 846
彷, 845
妨, 844
ｎ, 843
Ａ, 842
莉, 842
吐, 841
屏, 840
暑, 840
黎, 834
ｉ, 833
撥, 833
恨, 833
讚, 832
吵, 831
敘, 826
胃, 826
裕, 825
耀, 825
汗, 825
拓, 824
嘆, 824
贈, 824
玻, 823
駛, 821
宙, 820
茲, 818
迪, 817
賢, 815
儲, 815
拼, 815
逢, 814
鋒, 813
姑, 812
址, 811
役, 811
挫, 810
騙, 810
岩, 810
尿, 809
駕, 809
哦, 809
凝, 808
丟, 807
截, 806
恆, 804
猛, 802
繳, 802
慎, 802
拆, 802
蔣, 800
禪, 800
慰, 799
俄, 798
C, 798
ｒ, 797
龐, 797
搜, 796
遙, 795
堪, 795
銅, 794
邁, 792
貸, 792
繞, 790
磨, 789
濕, 789
懼, 788
彿, 783
芬, 783
滴, 783
Ｐ, 782
捨, 782
葛, 782
寂, 780
娜, 779
閣, 778
騰, 777
壘, 776
仿, 776
洽, 775
后, 774
燃, 772
辯, 772
齒, 771
瓷, 770
孟, 770
魂, 770
ｏ, 768
抑, 768
飄, 767
悅, 767
稀, 766
脅, 765
腰, 765
抬, 764
朵, 763
肩, 762
厲, 762
沖, 761
妥, 758
昌, 757
聘, 757
挖, 749
昏, 749
飽, 741
頁, 740
遞, 738
娃, 738
佩, 734
斑, 734
豆, 734
采, 731
哀, 730
肚, 726
龜, 726
捉, 725
襲, 724
盾, 723
肌, 722
秒, 722
塵, 721
泳, 719
逼, 719
埋, 716
夾, 716
淺, 715
譽, 712
邱, 712
歧, 711
唸, 711
桿, 710
伏, 709
扭, 709
纖, 708
刷, 707
燕, 706
函, 705
煮, 705
蝶, 705
厭, 704
ｔ, 702
羽, 702
醉, 702
呆, 701
脂, 700
爛, 699
夕, 699
嬰, 699
井, 698
辨, 696
彭, 696
旺, 694
鹽, 691
聰, 691
疼, 689
1, 689
袖, 688
椅, 685
稿, 684
眠, 684
糾, 683
妝, 683
軌, 682
余, 681
憤, 681
妮, 680
勸, 680
鑽, 679
耗, 678
諮, 677
噴, 676
禍, 676
湧, 675
掩, 674
械, 672
膜, 671
浴, 671
漠, 670
螢, 670
爐, 669
涯, 667
坪, 666
呂, 666
垂, 666
籠, 666
獄, 663
巷, 662
漏, 662
俱, 660
鍋, 660
斥, 660
賭, 660
籲, 659
闊, 658
琳, 657
粒, 656
蜜, 656
猜, 655
屈, 655
胖, 654
祕, 654
暢, 653
仲, 651
虧, 651
揭, 650
津, 650
賠, 650
糧, 649
愉, 647
轟, 647
頸, 646
偽, 645
恰, 645
Ｔ, 644
磁, 644
箭, 644
餓, 644
A, 644
腫, 643
欠, 642
躲, 642
緻, 641
鴨, 641
柱, 640
踐, 640
瘦, 640
鳴, 639
碩, 638
填, 638
彎, 637
瑜, 637
嫁, 636
騷, 636
牲, 636
惑, 632
剪, 632
叔, 629
霧, 629
鴻, 629
廷, 628
撤, 627
峽, 626
芝, 623
獸, 621
盈, 620
誘, 618
忌, 618
矛, 617
脆, 617
叢, 617
劍, 617
珊, 616
廖, 615
悠, 614
碗, 614
榜, 613
柳, 612
喚, 611
牧, 610
鹿, 610
棟, 609
慕, 609
夥, 609
惱, 609
怖, 608
悄, 608
撐, 608
肅, 607
ｌ, 606
氧, 606
宴, 605
譜, 604
汁, 604
擦, 604
潑, 601
憐, 601
盲, 599
姆, 599
釣, 599
傅, 598
茂, 597
丘, 594
弊, 594
霸, 593
募, 591
赤, 591
昭, 590
盼, 589
誼, 588
挺, 588
娛, 587
敲, 587
塗, 585
喬, 584
惟, 584
范, 583
殼, 583
灌, 581
憾, 581
貪, 580
斜, 579
屍, 579
炒, 577
疲, 576
悶, 574
蒂, 573
腐, 572
噸, 571
薦, 571
盪, 571
痕, 569
蒐, 568
翠, 567
吞, 565
舌, 565
棲, 565
允, 564
貞, 564
餅, 564
賦, 563
灘, 563
遂, 562
秦, 561
勃, 561
庸, 561
拋, 557
臭, 556
帽, 555
趁, 554
驅, 553
欄, 553
綁, 553
邏, 552
翼, 552
猴, 552
捲, 551
頒, 551
咬, 551
茄, 551
綿, 547
殿, 546
犧, 545
扶, 544
濫, 543
礦, 543
娼, 543
筋, 541
艦, 541
彌, 540
紫, 540
匆, 540
褲, 540
昂, 539
盆, 539
逆, 539
琪, 539
妓, 538
艱, 537
帥, 537
剝, 535
躺, 535
闢, 534
翁, 534
昆, 533
廉, 533
儒, 532
耕, 531
狼, 530
銳, 530
撫, 530
瘋, 530
撲, 530
逝, 529
狹, 528
腔, 528
締, 528
酷, 527
鋪, 527
盧, 525
颱, 525
卵, 525
謹, 523
蠻, 523
拾, 522
辣, 522
兆, 522
欺, 521
傲, 520
鬱, 520
僑, 519
竊, 519
縫, 517
勉, 516
坊, 514
洩, 514
喻, 513
撒, 513
扎, 510
臣, 510
伐, 509
攜, 509
稚, 507
雇, 507
倉, 507
遵, 507
鈴, 505
牢, 504
哇, 502
赫, 501
懸, 500
盒, 500
悔, 499
掙, 498
衍, 497
抹, 497
肢, 496
棉, 493
勾, 492
鄧, 492
粹, 492
澎, 492
渴, 491
蒼, 490
侯, 488
栽, 487
寸, 485
浩, 485
諧, 484
凍, 484
2, 484
慌, 483
蓄, 482
卓, 481
ｓ, 480
掘, 480
汪, 480
倆, 480
磚, 478
秩, 478
肺, 476
彙, 476
乙, 476
晉, 475
叛, 473
煉, 472
旬, 471
卑, 471
罹, 471
疊, 469
嶼, 469
臂, 469
迄, 468
哼, 468
賀, 467
莎, 467
碧, 467
漆, 465
曆, 464
Ｓ, 463
廊, 463
擋, 463
欸, 463
桶, 462
綱, 461
催, 461
押, 460
桂, 459
棋, 459
菸, 458
劣, 457
誇, 457
翔, 456
蓬, 456
陌, 454
乖, 454
樸, 453
蕾, 453
拳, 452
廈, 451
酬, 451
纏, 451
曹, 450
淋, 450
毅, 449
吊, 449
罩, 448
淵, 447
賜, 447
嬌, 446
匹, 446
S, 446
葡, 445
煌, 445
魅, 445
詮, 443
Ｎ, 443
潘, 443
諒, 441
馨, 440
錶, 440
瞧, 439
削, 439
蕩, 438
濱, 437
姚, 437
甄, 436
頃, 436
魏, 434
顛, 434
桑, 434
囊, 433
倡, 432
怡, 432
枯, 432
甫, 431
祈, 431
嶺, 431
驟, 430
藤, 430
伺, 430
稻, 429
T, 429
墓, 428
溜, 428
浦, 427
摘, 427
崩, 427
唇, 427
瘤, 426
逛, 426
爽, 425
潰, 425
貶, 424
灑, 424
Ｏ, 423
遣, 421
緝, 421
斗, 420
Ｄ, 420
鷹, 420
征, 419
寵, 419
遮, 419
寞, 418
宰, 417
炮, 417
懶, 417
逸, 417
巫, 416
淘, 414
茫, 414
埃, 413
爵, 413
寓, 412
愁, 412
唉, 411
醜, 411
暨, 410
豈, 410
郊, 410
烤, 410
劫, 409
裸, 407
臥, 407
韻, 407
吋, 407
伙, 406
砂, 405
剖, 405
扯, 405
俠, 405
蝴, 405
蟹, 405
恭, 404
羞, 404
駁, 404
煞, 404
吾, 403
歉, 403
糟, 403
辜, 403
雀, 403
逾, 402
棵, 401
彥, 400
錫, 400
紗, 400
郝, 400
N, 400
罐, 398
鼎, 398
翅, 398
披, 397
蝦, 397
陀, 397
蚊, 397
萄, 396
澄, 396
吻, 396
糕, 396
坑, 395
訝, 394
軸, 393
脹, 392
弦, 392
盃, 391
菁, 389
檳, 389
膀, 388
廁, 387
昔, 386
呵, 386
仇, 386
巢, 386
淪, 385
裙, 385
歹, 385
泊, 384
眷, 383
蜂, 383
蒸, 383
擅, 382
侶, 381
狠, 380
葬, 379
拚, 379
兔, 378
枚, 378
螺, 377
諷, 377
黏, 377
窩, 376
坤, 375
砍, 375
馳, 375
僧, 375
僵, 374
罕, 373
澡, 373
穌, 373
裔, 372
傘, 372
碑, 372
嚐, 372
玫, 372
霍, 371
謊, 371
梨, 371
臘, 370
杉, 369
睹, 369
哎, 369
框, 368
凶, 367
衷, 367
窄, 367
潭, 367
寮, 367
慨, 366
謠, 366
鍊, 366
晴, 365
腎, 365
蛙, 365
翰, 364
拘, 364
夷, 364
戈, 364
逮, 363
栗, 362
紡, 361
瑰, 361
瞬, 360
喘, 360
E, 360
壺, 359
禧, 358
殷, 357
芭, 357
欽, 357
凸, 356
矮, 356
芽, 356
畏, 356
樑, 355
陵, 355
籤, 354
筒, 354
遜, 354
晃, 353
曝, 353
趟, 352
辱, 352
柴, 352
腺, 351
亭, 351
戚, 351
薇, 349
輻, 348
詹, 347
帕, 347
櫻, 347
証, 346
宛, 346
墾, 345
笨, 345
ｃ, 343
髒, 342
銜, 342
僚, 342
捧, 342
扇, 342
虐, 342
攀, 342
啤, 342
履, 341
匙, 341
玄, 341
菩, 341
哩, 340
旨, 340
蔬, 340
芒, 339
遴, 339
邪, 338
闖, 338
矩, 338
傻, 338
饋, 337
嬉, 337
于, 337
吟, 336
砲, 336
燦, 335
蝕, 334
梭, 333
喉, 333
4, 332
Ｅ, 331
醬, 331
匪, 330
睜, 330
竿, 329
穎, 329
掀, 329
抄, 329
艘, 329
湊, 328
竭, 327
溢, 326
Ｒ, 326
酵, 326
渾, 326
a, 326
熬, 325
溯, 324
暈, 324
肇, 323
ｍ, 322
ｈ, 322
瓊, 322
舟, 322
奴, 322
丸, 322
謙, 321
挽, 321
娟, 321
3, 321
膩, 320
碌, 320
繩, 320
岳, 319
ｄ, 318
勘, 318
嘲, 318
兇, 318
沾, 318
B, 318
汰, 317
懲, 317
舅, 317
i, 317
6, 317
琉, 316
矚, 315
驕, 314
ｕ, 313
穴, 313
剎, 313
e, 313
佐, 311
鵝, 311
抖, 311
咒, 310
叉, 309
釀, 309
燥, 309
堤, 309
繡, 308
卿, 308
癒, 308
襯, 308
泌, 308
蘋, 307
弘, 306
摔, 306
肪, 306
肆, 305
匠, 305
仗, 305
禱, 305
M, 305
覓, 304
濤, 304
霞, 302
V, 302
撰, 301
蘊, 301
捏, 301
惹, 301
棚, 301
浸, 300
稽, 299
鉅, 299
株, 299
P, 299
寡, 297
犬, 297
婉, 297
翎, 297
舖, 296
晰, 296
8, 296
轄, 295
脊, 295
蟻, 293
脾, 292
篩, 292
飼, 292
O, 292
愚, 291
窺, 291
鮑, 289
肖, 289
甦, 289
淹, 288
訟, 288
踢, 288
秉, 287
菊, 287
紮, 286
婷, 286
瑟, 285
膨, 285
：, 285
豔, 285
榔, 285
誓, 285
禦, 284
磯, 283
D, 283
顫, 282
碳, 282
娶, 282
艷, 282
撿, 282
釐, 280
聳, 280
壤, 279
攔, 279
疆, 278
溶, 278
卸, 278
-, 278
姨, 277
墊, 277
槽, 277
蘿, 277
閩, 276
擎, 276
堵, 276
鷺, 276
蔽, 276
黛, 275
攬, 274
撼, 274
羨, 274
—, 274
鈔, 274
碁, 274
諱, 273
叮, 273
霖, 272
饒, 272
喲, 272
屁, 272
岡, 271
咱, 271
釘, 271
雛, 270
賈, 270
犀, 270
云, 270
檯, 269
屢, 268
醇, 268
兌, 267
溼, 267
瑩, 267
歇, 266
虹, 266
膝, 266
Ｋ, 266
崗, 265
恥, 265
勿, 264
麟, 264
飆, 263
寢, 262
穫, 261
勳, 261
漿, 261
燙, 261
丙, 260
吶, 260
踩, 260
薛, 260
傍, 259
咪, 259
轎, 259
豫, 258
遼, 258
嫩, 258
侍, 258
－, 258
倦, 257
詐, 257
挨, 257
裹, 257
Ｖ, 256
皺, 256
亨, 256
喃, 255
蝸, 255
., 255
懇, 254
刪, 254
佑, 254
撈, 254
n, 254
噪, 253
俯, 253
媳, 253
癮, 253
僱, 252
愧, 252
庚, 251
滯, 251
紓, 251
艇, 251
屑, 251
敷, 251
祇, 250
倚, 250
詭, 250
餵, 250
賊, 250
躁, 250
毯, 248
憩, 248
莖, 248
塌, 248
9, 248
韋, 247
頑, 247
蕃, 247
頌, 247
墜, 247
I, 247
筍, 246
杰, 246
Ｘ, 245
囉, 245
齣, 245
熙, 245
衫, 245
礁, 245
髓, 244
崔, 244
蘆, 243
嚼, 242
滲, 241
萎, 241
缸, 241
蛾, 241
o, 241
馮, 239
G, 239
煤, 238
惶, 238
祿, 238
瞪, 238
耍, 238
鵬, 238
刮, 237
笛, 237
蓉, 237
矯, 237
鞭, 237
煎, 237
烯, 237
瞻, 236
竄, 236
奠, 236
巾, 236
魄, 236
楓, 236
妖, 236
逕, 235
焚, 235
艙, 235
瞄, 235
曰, 235
萍, 234
曬, 234
划, 234
濾, 233
軀, 233
乞, 233
郁, 232
屠, 232
駝, 232
塢, 232
ｙ, 231
淫, 231
誦, 231
掏, 230
蔓, 230
泣, 230
屯, 230
贖, 230
狄, 229
梵, 229
琵, 229
徽, 229
謎, 228
喇, 228
賄, 228
嘿, 227
瑋, 227
陋, 226
袍, 226
癢, 225
隸, 225
霜, 225
5, 225
茅, 224
魁, 224
嘻, 224
畜, 223
燭, 223
樁, 223
幢, 222
冤, 222
崎, 222
奢, 221
帆, 221
暇, 221
鯨, 221
狐, 220
襄, 220
澀, 220
虞, 220
鴿, 220
翹, 219
嚮, 219
煥, 219
Ｌ, 218
昧, 218
彬, 218
謬, 216
歪, 215
ｂ, 214
鶴, 214
疇, 214
辰, 214
祂, 214
撕, 213
穆, 213
訣, 212
窯, 212
簿, 211
卜, 211
鈞, 211
瀕, 211
鹹, 211
盯, 211
聆, 211
ｇ, 210
枕, 210
痴, 210
膏, 210
腕, 209
眩, 209
廂, 209
橘, 209
矽, 208
逗, 208
諦, 208
輿, 208
帖, 208
烹, 207
斬, 207
腥, 207
椎, 206
炭, 206
F, 206
攏, 205
隧, 205
摧, 204
鴉, 204
蔚, 204
挪, 204
廓, 203
瀑, 203
沛, 202
喧, 202
尬, 202
飢, 202
芋, 202
畔, 202
豎, 202
噢, 202
窘, 201
椰, 200
烘, 199
尷, 199
沼, 199
酌, 199
譚, 198
鉛, 198
炫, 198
墮, 198
恍, 197
莓, 197
焉, 196
旭, 196
墳, 196
L, 196
蠢, 195
杏, 195
掠, 194
椒, 194
薰, 194
湘, 194
詠, 194
抒, 193
瘍, 193
吼, 193
頰, 193
敞, 192
阱, 192
蔥, 192
雉, 192
媚, 191
芙, 191
妄, 191
擱, 191
柵, 191
雯, 191
揉, 190
弗, 190
螞, 190
菱, 190
俏, 190
c, 190
傢, 189
咽, 189
橡, 189
溺, 189
緯, 189
彗, 189
旱, 188
冥, 187
瑣, 187
H, 187
鑼, 186
蠟, 186
鶯, 186
侷, 185
亟, 184
癡, 184
沸, 184
穀, 184
洶, 184
痺, 183
仕, 183
褐, 183
厝, 183
鈣, 182
釉, 182
駭, 182
晤, 181
雌, 181
濁, 181
爹, 181
坎, 180
杭, 180
嫂, 180
m, 180
宵, 179
沫, 179
弓, 179
跪, 179
脖, 179
踴, 178
縛, 178
靖, 177
偕, 177
凹, 176
Ｈ, 176
隙, 176
剔, 176
挾, 176
咯, 176
搏, 175
崖, 175
町, 175
爪, 175
ｐ, 174
鏈, 174
Ｇ, 174
祺, 174
淒, 174
牟, 174
纜, 174
r, 174
歎, 173
僻, 173
咳, 173
壟, 173
鬍, 172
囑, 172
庇, 172
嗜, 172
靡, 172
斌, 171
梳, 171
軒, 171
卦, 171
崙, 171
琦, 171
乍, 170
廬, 170
汙, 170
姦, 170
蔔, 170
l, 170
緬, 169
嘔, 169
Ｗ, 168
壩, 168
圳, 168
頹, 168
毋, 167
汐, 167
扛, 167
佣, 167
喀, 167
紳, 167
袁, 166
奎, 166
矣, 166
駱, 166
御, 165
綴, 165
蹺, 165
螃, 165
擲, 164
汀, 164
賤, 164
囚, 164
綽, 164
斃, 164
樞, 163
炳, 163
祀, 163
柄, 162
揆, 162
瑚, 162
拱, 161
勻, 161
蠶, 161
侮, 161
攪, 160
倖, 160
誡, 160
闡, 160
阮, 160
倘, 160
堯, 160
檻, 160
Ｆ, 159
迦, 159
鑄, 159
蹲, 159
睞, 159
蔭, 158
姜, 158
萌, 158
哉, 158
豹, 158
曠, 158
蕉, 158
枉, 158
奕, 158
薯, 158
恕, 157
澆, 157
俐, 157
啞, 157
Ｕ, 156
匈, 156
齋, 155
苛, 155
糞, 155
榕, 155
瞎, 155
匿, 155
嗅, 154
袱, 154
鑲, 154
鞏, 154
砸, 154
嘟, 154
櫥, 154
咕, 154
柿, 154
皓, 154
窟, 153
夸, 153
嘩, 153
痘, 153
哄, 153
尹, 153
妃, 153
鹼, 152
峻, 152
垮, 152
藩, 152
箏, 152
拭, 152
弧, 152
璋, 151
ｋ, 151
疤, 151
呎, 151
迭, 150
栓, 150
塘, 150
耽, 149
鉤, 149
糙, 149
輒, 149
悍, 149
澈, 149
毆, 149
拌, 148
沃, 148
禽, 148
崑, 148
瓣, 148
7, 148
瀉, 147
拷, 147
虔, 147
墅, 147
絨, 147
禿, 147
螂, 147
僕, 146
胚, 146
醋, 145
笙, 145
棍, 145
芸, 145
鈕, 145
沮, 144
斧, 144
渺, 143
抨, 143
阪, 143
瑕, 143
茜, 143
蟑, 143
豚, 142
馴, 142
蟬, 142
g, 142
瞞, 141
棘, 141
沐, 141
灶, 141
邸, 141
潢, 141
摺, 141
譴, 141
嶄, 140
襟, 140
啼, 140
鋁, 140
咚, 140
鑰, 140
瀾, 139
愕, 139
褪, 139
嵌, 139
囂, 139
滄, 139
熄, 139
韌, 138
濛, 138
佬, 138
髦, 138
拙, 138
澱, 138
ｆ, 138
攸, 138
～, 138
幟, 137
陡, 137
簾, 137
曜, 137
戊, 137
寇, 137
哺, 137
t, 137
浙, 136
轍, 136
棺, 136
甸, 136
橙, 136
酪, 136
氓, 136
瑤, 135
鄒, 135
趾, 135
喂, 135
灼, 135
暮, 135
壢, 135
拯, 135
菇, 135
皂, 134
黯, 134
滔, 134
畝, 134
寨, 133
蠅, 133
妒, 133
蕙, 133
叭, 133
鮭, 133
W, 133
朽, 132
綻, 132
娥, 132
怯, 132
兢, 132
兮, 131
抉, 131
綢, 131
簇, 130
瘡, 130
蛛, 130
刃, 130
噓, 130
蒜, 130
傭, 130
瀰, 130
輾, 129
弔, 129
兀, 129
羈, 129
梗, 129
嚷, 129
凰, 129
眺, 129
輟, 128
揣, 128
札, 128
庄, 128
儼, 128
拐, 128
筷, 127
苑, 127
汝, 127
籬, 127
篤, 127
劈, 127
餚, 127
渠, 126
篷, 126
駿, 126
兜, 126
鑿, 126
遽, 125
裴, 125
伶, 125
磅, 125
焰, 125
爍, 125
甩, 125
檸, 125
檬, 125
蔗, 125
霹, 125
鮪, 125
萱, 124
鵑, 124
咸, 124
拂, 124
炙, 124
遏, 124
雁, 124
冕, 124
婿, 124
稠, 124
緋, 124
卉, 123
扼, 123
竇, 123
祉, 123
欖, 123
侃, 122
棧, 122
繃, 122
跋, 122
卒, 122
狩, 122
嘯, 122
嚨, 122
嫉, 122
懈, 121
摯, 121
硫, 121
斐, 121
趴, 121
襪, 121
隕, 121
鷗, 121
湄, 121
琢, 120
癱, 120
楣, 120
鈺, 120
薑, 120
s, 120
ｗ, 119
翌, 119
汲, 119
丐, 119
饑, 119
粘, 119
埠, 119
鍰, 118
繽, 118
撇, 118
斂, 118
淇, 118
倪, 118
/, 118
淆, 117
隘, 117
弛, 117
嗓, 117
X, 117
盎, 116
亢, 116
楨, 116
咀, 116
ｖ, 115
綺, 115
啥, 115
厄, 115
哨, 115
臀, 115
晒, 115
赦, 115
棕, 115
鑒, 114
絞, 114
盞, 114
噩, 114
杖, 114
躬, 114
粥, 114
羚, 114
靂, 114
砌, 113
怠, 113
癥, 113
捍, 113
扳, 113
黴, 113
奸, 112
杆, 112
臍, 112
嬸, 112
俞, 112
灸, 111
耘, 111
殆, 111
徊, 111
瑯, 111
瀏, 111
猿, 111
叨, 111
劾, 111
玟, 111
癲, 110
丑, 110
撩, 110
嗚, 110
疵, 110
燉, 110
膳, 110
桐, 109
邵, 109
眶, 109
拇, 109
孵, 109
徘, 109
崛, 109
冶, 109
噁, 109
胺, 108
蠱, 108
巒, 108
郡, 108
狸, 108
鱗, 108
恤, 108
凋, 108
匱, 107
凳, 107
寥, 107
耿, 107
矗, 107
淳, 107
搗, 107
璧, 107
忱, 106
俾, 106
氾, 106
慚, 106
眨, 106
噬, 106
R, 106
畸, 106
肘, 105
Y, 105
泄, 105
橄, 105
釜, 104
壹, 104
圃, 104
簷, 104
蛻, 104
砰, 104
驀, 104
擄, 104
噹, 104
K, 104
Ｊ, 103
窒, 103
圭, 103
穗, 103
吱, 103
痣, 103
忿, 102
咎, 102
憊, 102
蠍, 102
唷, 102
峭, 102
忡, 102
瀚, 102
悼, 102
憧, 102
鍛, 102
璩, 102
溉, 101
淮, 101
憬, 101
翩, 101
鱷, 101
h, 101
慷, 100
翡, 100
憫, 100
摻, 100
蹄, 100
醞, 100
瀟, 100
顱, 100
倩, 100
鬚, 99
鄙, 99
嘎, 99
苟, 99
縷, 99
嘶, 99
鎔, 99
牡, 99
扔, 99
墩, 99
呃, 99
茁, 98
曖, 98
唾, 98
憎, 98
冀, 98
叩, 98
稜, 98
嚕, 98
鯉, 98
鈍, 97
遑, 97
苔, 97
侈, 97
猩, 97
嵐, 97
嚥, 97
／, 97
禾, 97
妺, 97
酥, 97
姬, 96
痊, 96
茱, 96
絃, 96
殉, 96
秧, 96
撮, 96
蕊, 96
鑫, 95
矢, 95
酗, 95
搔, 95
竅, 95
伽, 95
贓, 95
嗑, 95
臻, 94
葵, 94
巿, 94
戳, 93
渦, 93
逞, 93
陝, 93
屎, 93
疹, 93
，, 93
氫, 93
曳, 92
儉, 92
墟, 92
楷, 92
諜, 92
迥, 92
嗡, 92
蒲, 91
頤, 91
啪, 91
撓, 91
悸, 91
鐸, 91
祟, 91
揹, 91
祠, 91
糰, 91
浣, 91
隅, 90
藻, 90
臼, 90
譏, 90
煽, 90
茹, 90
棗, 90
蹦, 90
啃, 90
鵲, 90
鋸, 89
迺, 89
敝, 89
鏽, 89
豁, 89
庶, 89
磋, 89
鐲, 89
懊, 89
邑, 89
搓, 89
嫖, 89
滬, 89
熾, 88
雋, 88
徙, 88
朔, 88
萃, 88
遁, 88
渲, 88
愣, 88
嚀, 88
梢, 88
筱, 88
楞, 88
汶, 87
栩, 87
蜘, 87
蠵, 87
俟, 86
濺, 86
擷, 86
垣, 86
瞰, 86
絆, 86
逍, 86
熔, 86
匣, 86
驥, 86
閘, 86
卯, 86
U, 86
媛, 85
靶, 85
咦, 85
瑛, 85
朦, 85
槓, 85
貯, 85
簧, 85
疚, 84
晦, 84
篆, 84
饗, 84
嘮, 84
秤, 84
苯, 84
嫻, 84
睫, 83
渝, 83
嗽, 83
迢, 83
舜, 83
嬤, 83
霉, 82
樟, 82
惕, 82
冗, 82
贅, 82
惘, 82
朧, 82
坍, 82
榨, 82
梟, 82
嗆, 82
咐, 82
漬, 82
茨, 82
塭, 82
炊, 81
諺, 81
荊, 81
丰, 81
漓, 81
蟋, 81
蟀, 81
佼, 81
怔, 81
垢, 81
笠, 81
晝, 81
銓, 81
醃, 81
y, 81
摒, 80
嗩, 80
羹, 80
榴, 80
猝, 80
惰, 80
恣, 80
孚, 80
糯, 80
癖, 80
骼, 80
宕, 80
婪, 80
戎, 80
岱, 80
諳, 79
憨, 79
愿, 79
茵, 79
聾, 79
繹, 79
鏘, 79
繆, 79
涅, 79
鍍, 79
餌, 78
煦, 78
繕, 78
褒, 78
軋, 78
沌, 78
榻, 78
瘓, 78
惺, 78
闕, 77
眸, 77
穢, 77
鞠, 77
籽, 77
), 77
胰, 77
錠, 77
嘖, 77
孜, 76
厘, 76
摹, 76
懺, 76
閏, 76
恬, 76
膿, 76
葆, 76
飪, 75
謗, 75
刁, 75
氯, 75
莽, 75
蜓, 75
烙, 75
蕪, 75
肋, 75
檜, 75
曙, 75
孰, 75
祐, 75
嗝, 75
隍, 75
遐, 74
蔑, 74
骸, 74
雍, 74
渣, 74
啄, 74
摟, 74
鞍, 74
柑, 74
濮, 74
琶, 73
尉, 73
蜿, 73
戮, 73
涕, 73
葫, 73
曦, 73
賑, 73
嘰, 73
桓, 73
喳, 73
k, 73
詛, 72
錐, 72
蜻, 72
猖, 72
樺, 72
瞇, 72
擂, 72
娓, 72
囤, 72
瞳, 72
瑄, 72
顎, 72
揀, 71
吝, 71
蜒, 71
隋, 71
丫, 71
霄, 71
皿, 71
晏, 71
岌, 71
珮, 71
芮, 71
磷, 70
侖, 70
迂, 70
闔, 70
暉, 70
帛, 70
茗, 70
琅, 70
剃, 70
饅, 70
禎, 70
狡, 70
貂, 70
漾, 69
夭, 69
佇, 69
峙, 69
蜀, 69
厥, 69
睦, 69
Ｑ, 69
儕, 69
梧, 69
舶, 69
踝, 69
芹, 69
峨, 69
睪, 69
p, 69
d, 69
釁, 68
湛, 68
霾, 68
閡, 68
捆, 68
朴, 68
鴛, 68
沁, 68
裳, 68
驢, 68
梓, 68
硝, 68
埤, 68
姍, 68
鷲, 68
峇, 68
徨, 67
恃, 67
啜, 67
惚, 67
扒, 67
吏, 67
斟, 67
涂, 67
℃, 67
蒞, 66
膺, 66
跤, 66
廝, 66
莒, 66
閑, 66
閥, 66
賃, 66
踵, 66
褻, 66
絢, 66
滌, 66
紊, 66
聶, 66
蚩, 66
w, 66
:, 66
,, 66
竣, 65
嚎, 65
魘, 65
屹, 65
黝, 65
俑, 65
邃, 65
擒, 65
繭, 65
淤, 65
么, 65
瓏, 65
璇, 65
J, 65
殯, 64
醣, 64
徬, 64
僥, 64
楠, 64
懦, 64
鋤, 64
漳, 64
昱, 64
喋, 64
耆, 63
琺, 63
鴦, 63
滸, 63
藹, 63
婁, 63
拗, 63
撻, 63
迸, 63
琰, 63
麒, 63
粽, 63
裘, 63
蝠, 63
咧, 63
轆, 63
b, 63
磊, 62
体, 62
巔, 62
辟, 62
柢, 62
腮, 62
噗, 62
坷, 62
箇, 62
荼, 62
烽, 62
敖, 62
渥, 61
寰, 61
亥, 61
諭, 61
奄, 61
瞥, 61
漪, 61
猥, 61
晌, 61
揪, 61
稔, 61
咻, 61
滷, 61
閨, 61
屜, 61
玆, 61
挹, 61
蝗, 61
彝, 60
皎, 60
瀆, 60
瀛, 60
莘, 60
蔘, 60
嶽, 60
蛤, 60
閻, 59
氮, 59
瀝, 59
偌, 59
鏢, 59
悚, 59
呱, 59
緞, 59
鰻, 59
涸, 59
妤, 59
猷, 58
濡, 58
癇, 58
缽, 58
羲, 58
漣, 58
橢, 58
吩, 58
槃, 58
蝙, 58
蓓, 58
仟, 57
旂, 57
詬, 57
覬, 57
岔, 57
粱, 57
誨, 57
攘, 57
儂, 57
瘟, 57
捩, 56
膛, 56
巍, 56
匾, 56
獗, 56
骯, 56
颳, 56
偎, 56
俘, 56
罔, 56
藷, 56
疽, 56
姥, 56
璽, 56
酯, 56
洄, 56
貳, 55
鏟, 55
炯, 55
躋, 55
淌, 55
覦, 55
矇, 55
嗨, 55
鳩, 55
盔, 55
悵, 55
鏗, 55
暱, 55
璨, 55
桔, 55
詔, 55
棠, 55
霆, 55
蛹, 55
脯, 55
柬, 55
臆, 54
炬, 54
亙, 54
獰, 54
孽, 54
膾, 54
蛀, 54
鈉, 54
倏, 54
琛, 54
鯗, 54
嗤, 53
瘠, 53
嗦, 53
嘈, 53
覷, 53
哮, 53
辮, 53
箔, 53
緘, 53
殃, 53
玖, 53
*, 53
剋, 52
懋, 52
龔, 52
韶, 52
哽, 52
懾, 52
窖, 52
睿, 52
靴, 52
呻, 52
鸚, 52
鎊, 52
嘍, 52
苓, 52
蚤, 52
餾, 52
嗣, 51
棣, 51
漩, 51
陲, 51
悽, 51
謐, 51
塹, 51
璀, 51
餡, 51
噱, 51
讖, 51
訕, 51
v, 51
謔, 50
柚, 50
榷, 50
腋, 50
籟, 50
麓, 50
鑣, 50
茸, 50
埕, 50
嫚, 50
餒, 49
凜, 49
祁, 49
妾, 49
珂, 49
錘, 49
眈, 49
─, 49
馭, 49
鷸, 49
瞌, 49
孳, 49
饕, 49
褔, 48
ｘ, 48
禹, 48
鉀, 48
咋, 48
荐, 48
芥, 48
絮, 48
噎, 48
慵, 48
袂, 48
枋, 48
乩, 48
芎, 48
Q, 48
癸, 47
腑, 47
焙, 47
纂, 47
佰, 47
邢, 47
鷥, 47
譎, 47
梏, 47
拎, 47
曇, 47
痞, 47
憚, 47
糗, 47
鎚, 47
漱, 47
姪, 47
霓, 47
惋, 47
礫, 47
Ｙ, 47
焜, 47
桎, 46
愴, 46
扉, 46
几, 46
踞, 46
氈, 46
巖, 46
噤, 46
弭, 46
粵, 46
犁, 46
杞, 46
乒, 46
羯, 46
痰, 46
揍, 46
跆, 46
絹, 46
淼, 46
匝, 46
u, 46
x, 46
羌, 45
捺, 45
樵, 45
硯, 45
嶇, 45
垠, 45
閔, 45
狽, 45
彪, 45
餃, 45
睽, 45
逵, 45
粿, 45
硼, 45
籐, 44
踰, 44
慄, 44
紜, 44
畿, 44
丞, 44
踱, 44
鯊, 44
胤, 44
蜥, 44
蠕, 44
唔, 44
仄, 44
蕈, 44
﹪, 44
z, 44
_, 44
檀, 43
枷, 43
袒, 43
騁, 43
剌, 43
湃, 43
鎂, 43
皙, 43
冉, 43
潺, 43
啻, 43
唏, 43
憔, 43
悴, 43
徠, 43
渭, 43
甕, 43
伕, 43
腱, 43
愫, 43
媲, 43
蕨, 43
嬋, 43
烴, 43
釧, 42
俸, 42
瑾, 42
詼, 42
痙, 42
吭, 42
怵, 42
塚, 42
肛, 42
胱, 42
譁, 42
囪, 42
閎, 42
痠, 42
吁, 42
鈾, 42
窠, 41
槌, 41
伎, 41
攣, 41
燻, 41
悌, 41
鵰, 41
闌, 41
汴, 41
濂, 41
綵, 41
綑, 41
儷, 40
絀, 40
鰲, 40
熹, 40
磕, 40
捱, 40
羔, 40
縈, 40
喙, 40
唆, 40
吠, 40
颼, 40
跛, 40
衙, 40
瞋, 40
瘀, 40
唧, 40
貲, 40
烊, 40
磺, 40
璿, 40
誹, 40
鴞, 40
濘, 39
湮, 39
擘, 39
葦, 39
蹋, 39
獷, 39
窈, 39
吆, 39
妞, 39
乓, 39
酣, 39
瀨, 39
恙, 39
舔, 39
嫦, 39
甥, 39
癬, 39
咫, 38
侏, 38
軼, 38
拮, 38
苞, 38
賬, 38
詣, 38
庵, 38
磐, 38
孺, 38
踉, 38
剷, 38
醺, 38
戕, 38
薔, 38
寐, 38
拈, 38
塾, 38
崁, 38
鸞, 38
纍, 38
獼, 38
鱸, 38
粧, 38
壬, 37
鑾, 37
据, 37
訛, 37
湍, 37
洒, 37
徉, 37
丕, 37
攫, 37
窕, 37
蜷, 37
鵡, 37
坯, 37
豢, 37
藕, 37
娩, 37
壅, 37
魷, 37
芻, 36
蹂, 36
琮, 36
虜, 36
徜, 36
榖, 36
筑, 36
箍, 36
莞, 36
懵, 36
瓢, 36
倔, 36
喫, 36
酋, 36
娑, 36
掣, 36
槳, 36
鰭, 36
涎, 36
鴕, 36
飭, 36
氨, 36
邂, 36
毓, 36
竺, 36
瘧, 36
碘, 36
脢, 36
靦, 35
腆, 35
芷, 35
囿, 35
躊, 35
躇, 35
躪, 35
蟄, 35
幌, 35
筐, 35
椿, 35
帷, 35
軾, 35
嗔, 35
咆, 35
詫, 35
猙, 35
邇, 35
舵, 35
諄, 35
碉, 35
籮, 35
矜, 35
粟, 35
閹, 35
酮, 35
痢, 35
鋅, 35
梆, 35
稼, 35
剿, 35
燴, 35
昊, 35
鏤, 35
髻, 35
燁, 35
逅, 35
蜈, 35
蚣, 35
薏, 35
岬, 35
恒, 35
搥, 34
毗, 34
蹌, 34
誣, 34
箴, 34
佯, 34
鶩, 34
嚏, 34
裱, 34
藺, 34
鶺, 34
鴒, 34
虱, 34
翦, 34
灩, 34
烷, 34
媧, 34
苳, 34
鶇, 34
楦, 34
煒, 33
潦, 33
泓, 33
唬, 33
傀, 33
儡, 33
荔, 33
溥, 33
戡, 33
箝, 33
驛, 33
觴, 33
綸, 33
漉, 33
葷, 33
琥, 33
匍, 33
裊, 33
鶚, 33
宸, 33
縐, 32
羡, 32
悖, 32
慫, 32
?, 32
蹣, 32
跚, 32
澹, 32
笆, 32
蚓, 32
淖, 32
翟, 32
璜, 32
疙, 32
瘩, 32
膊, 32
窪, 32
枸, 32
忐, 32
堰, 32
荳, 32
蓆, 32
嫣, 32
弋, 32
瀧, 32
燼, 31
扈, 31
翊, 31
惻, 31
恪, 31
嫵, 31
鬣, 31
賂, 31
菠, 31
恿, 31
鱉, 31
槐, 31
淅, 31
牴, 31
笈, 31
鏞, 31
銖, 31
Ｚ, 30
宦, 30
紘, 30
幀, 30
頡, 30
蚯, 30
霎, 30
褥, 30
鞘, 30
妍, 30
茉, 30
詰, 30
忖, 30
錨, 30
綏, 30
芯, 30
忑, 30
寅, 30
蹬, 30
蚌, 30
饞, 30
崴, 30
珀, 30
掰, 30
奐, 30
韭, 30
孢, 30
祗, 30
鱒, 30
鰣, 30
釵, 30
尪, 29
匡, 29
渙, 29
飴, 29
汨, 29
叱, 29
鬢, 29
縝, 29
彆, 29
褶, 29
嘀, 29
莠, 29
簍, 29
燬, 29
壕, 29
銬, 29
鳶, 29
帘, 29
穹, 29
劊, 29
薈, 29
躡, 29
呷, 29
蝟, 29
醱, 29
閾, 29
噶, 28
荀, 28
沓, 28
錮, 28
稟, 28
瞿, 28
驊, 28
騖, 28
簸, 28
鉗, 28
并, 28
袤, 28
斡, 28
痲, 28
剽, 28
啾, 28
諫, 28
咄, 28
鰍, 28
猾, 28
舺, 28
齦, 28
睏, 28
胳, 28
琍, 28
忪, 28
鐺, 28
喟, 28
吒, 28
艋, 28
噠, 28
汛, 28
胭, 28
堊, 27
搐, 27
癟, 27
癩, 27
轅, 27
粼, 27
褚, 27
璞, 27
誅, 27
骷, 27
奚, 27
暄, 27
侄, 27
戾, 27
ｚ, 27
遨, 27
捶, 27
殞, 27
琨, 27
筏, 27
卹, 27
燊, 27
鬨, 27
錚, 27
齲, 27
鋰, 27
娣, 27
Z, 27
, 27
掬, 26
慟, 26
檐, 26
抿, 26
蜢, 26
犢, 26
皴, 26
怦, 26
蜴, 26
囗, 26
盥, 26
藪, 26
俺, 26
鬃, 26
樊, 26
涓, 26
訐, 26
踹, 26
蔻, 26
箋, 26
鴝, 26
巽, 26
皚, 26
翱, 25
汎, 25
碇, 25
繚, 25
麋, 25
腴, 25
憋, 25
姣, 25
龕, 25
璣, 25
泯, 25
詡, 25
荃, 25
峒, 25
攙, 25
惦, 25
屐, 25
鎘, 25
愜, 25
匐, 25
甭, 25
鎳, 25
砷, 25
嘸, 25
孑, 25
錸, 25
黜, 24
蟒, 24
鍬, 24
釦, 24
滂, 24
瘁, 24
倭, 24
哆, 24
朮, 24
瀋, 24
諉, 24
羿, 24
唳, 24
捻, 24
碾, 24
摀, 24
滇, 24
晟, 24
鎗, 24
罄, 24
肴, 24
舐, 24
鯛, 24
螽, 24
汩, 24
f, 24
 , 24
璠, 23
冽, 23
帑, 23
餽, 23
甬, 23
蟆, 23
珈, 23
蹊, 23
鐫, 23
匕, 23
靨, 23
颯, 23
脛, 23
鼾, 23
驪, 23
騫, 23
晾, 23
謨, 23
刨, 23
燿, 23
舫, 23
瞠, 23
歛, 23
攢, 23
饉, 23
舀, 23
仆, 23
筠, 23
佘, 23
鍥, 23
掐, 23
杓, 23
莢, 23
堀, 23
惆, 23
裎, 23
甍, 23
剁, 23
夙, 23
嚓, 23
珣, 23
呦, 23
◢, 23
α, 23
﹐, 23
党, 23
豌, 22
馱, 22
虫, 22
椏, 22
拴, 22
嬗, 22
懿, 22
弩, 22
髏, 22
睬, 22
沱, 22
嗇, 22
勛, 22
貽, 22
沽, 22
駒, 22
瞑, 22
佗, 22
紇, 22
蘚, 22
摰, 22
愷, 22
睨, 22
痍, 22
囝, 22
浚, 22
萁, 22
浹, 22
蠡, 22
β, 22
砥, 21
臧, 21
醮, 21
蒔, 21
孀, 21
靄, 21
杳, 21
澍, 21
櫫, 21
瘴, 21
壑, 21
氤, 21
襖, 21
桀, 21
紂, 21
燠, 21
淙, 21
謾, 21
蹴, 21
濬, 21
擢, 21
嗲, 21
盹, 21
搧, 21
佃, 21
糠, 21
裨, 21
鐮, 21
敕, 21
枇, 21
杷, 21
痿, 21
璐, 21
蹭, 21
螳, 21
覲, 21
瑙, 21
玥, 21
謄, 21
垛, 21
鰓, 21
庾, 21
瞼, 21
潟, 21
鸛, 21
鷴, 21
, 21
銑, 20
嵩, 20
鞅, 20
礡, 20
皈, 20
氳, 20
蝌, 20
蚪, 20
簌, 20
殲, 20
藐, 20
齟, 20
贛, 20
篳, 20
嘹, 20
勺, 20
噯, 20
澗, 20
榭, 20
紕, 20
詎, 20
蟾, 20
淞, 20
莆, 20
橇, 20
褓, 20
胝, 20
咩, 20
噥, 20
崧, 20
妗, 20
悻, 20
昶, 20
櫚, 20
°, 20
讞, 20
蒟, 20
蒻, 20
巳, 20
俳, 20
蟳, 19
畬, 19
楙, 19
淬, 19
纓, 19
涔, 19
懟, 19
耙, 19
嚙, 19
軻, 19
輓, 19
銹, 19
訥, 19
毘, 19
齬, 19
偈, 19
枴, 19
斕, 19
聒, 19
葳, 19
罟, 19
楔, 19
筵, 19
蘸, 19
胴, 19
蚵, 19
咿, 19
桅, 19
醍, 19
醐, 19
吮, 19
霏, 19
馗, 19
鈦, 19
瞅, 19
邰, 19
啖, 19
、, 19
=, 19
牘, 18
颺, 18
鉞, 18
燄, 18
糜, 18
庖, 18
帚, 18
篡, 18
慍, 18
畦, 18
拄, 18
囡, 18
訶, 18
岐, 18
隴, 18
腓, 18
袪, 18
蕤, 18
妊, 18
撬, 18
駙, 18
跺, 18
皋, 18
狒, 18
擻, 18
琬, 18
倣, 18
荖, 18
煜, 18
褫, 18
譟, 18
畚, 18
胼, 18
罈, 18
璟, 18
踽, 18
舢, 18
脣, 18
摃, 18
沅, 18
&, 18
嬅, 18
沂, 17
簫, 17
偃, 17
戌, 17
櫛, 17
熠, 17
麴, 17
雹, 17
忤, 17
庠, 17
幄, 17
惴, 17
澇, 17
擰, 17
圜, 17
隼, 17
娠, 17
蹶, 17
ㄚ, 17
ㄧ, 17
叼, 17
窳, 17
撙, 17
咨, 17
衢, 17
餞, 17
臾, 17
迤, 17
鼬, 17
甌, 17
囫, 17
圇, 17
燜, 17
砧, 17
榫, 17
孓, 17
鵯, 17
爻, 17
氰, 17
墉, 17
礪, 16
稷, 16
賸, 16
嫗, 16
赧, 16
墻, 16
歙, 16
陛, 16
祛, 16
懣, 16
綾, 16
鯤, 16
蒿, 16
燎, 16
汞, 16
餉, 16
紉, 16
岷, 16
捅, 16
搪, 16
榆, 16
ㄅ, 16
酢, 16
毽, 16
蝨, 16
芡, 16
赭, 16
鈷, 16
嚅, 16
珩, 16
蓀, 16
閬, 16
盅, 16
浬, 16
痔, 16
鸝, 16
昕, 16
槤, 16
蘑, 16
鉸, 16
搽, 16
沺, 16
%, 16
醛, 16
偲, 16
鈑, 16
鮸, 16
俚, 15
冑, 15
頷, 15
褸, 15
揄, 15
閤, 15
臬, 15
戟, 15
襬, 15
磬, 15
菅, 15
殮, 15
啕, 15
鯽, 15
窿, 15
捫, 15
捎, 15
箕, 15
囈, 15
芊, 15
叡, 15
昀, 15
訖, 15
玷, 15
黠, 15
舛, 15
緲, 15
瘸, 15
埂, 15
陞, 15
牒, 15
饌, 15
琇, 15
鄂, 15
嗶, 15
夔, 15
踮, 15
顰, 15
蠔, 15
哧, 15
槭, 15
欉, 15
尻, 15
澐, 15
蜚, 14
ｑ, 14
彤, 14
聿, 14
渚, 14
蚱, 14
櫺, 14
揶, 14
糢, 14
韜, 14
旻, 14
韁, 14
啷, 14
婢, 14
嗟, 14
啣, 14
諼, 14
鞦, 14
韆, 14
泅, 14
痤, 14
芍, 14
餿, 14
赳, 14
愾, 14
掮, 14
蠣, 14
鋌, 14
荏, 14
幡, 14
邐, 14
ｊ, 14
蜃, 14
涮, 14
鉻, 14
酚, 14
碴, 14
杵, 14
荑, 14
羶, 14
櫸, 14
馥, 14
皖, 14
焊, 14
籙, 14
撂, 14
矻, 14
佟, 14
奘, 14
蜊, 14
恁, 14
楮, 14
嫡, 13
軔, 13
孱, 13
沬, 13
甯, 13
篝, 13
懨, 13
訌, 13
捂, 13
騾, 13
綬, 13
斲, 13
髡, 13
谿, 13
祚, 13
跎, 13
胯, 13
酩, 13
酊, 13
婀, 13
喁, 13
嶙, 13
閂, 13
簣, 13
褂, 13
蹩, 13
幔, 13
崢, 13
遛, 13
爰, 13
軫, 13
玳, 13
煨, 13
嗷, 13
熨, 13
姒, 13
噙, 13
狙, 13
賡, 13
骰, 13
汕, 13
佚, 13
錙, 13
熏, 13
岑, 13
揩, 13
舨, 13
霑, 13
氟, 13
婕, 13
蚜, 13
瑀, 13
顳, 13
鷦, 13
扞, 13
暌, 13
嵎, 13
q, 13
姵, 13
↑, 12
錕, 12
坏, 12
迨, 12
喵, 12
萵, 12
桁, 12
賁, 12
歿, 12
蹉, 12
碣, 12
謳, 12
呸, 12
閭, 12
絜, 12
卞, 12
悒, 12
佝, 12
諍, 12
贍, 12
苣, 12
纔, 12
阜, 12
瑁, 12
＊, 12
衊, 12
謅, 12
囹, 12
圄, 12
犒, 12
渤, 12
酉, 12
疣, 12
孿, 12
櫓, 12
倌, 12
錡, 12
蓁, 12
餮, 12
胥, 12
蛭, 12
筊, 12
糬, 12
麝, 12
逡, 12
邋, 12
羸, 12
瞟, 12
哂, 12
淩, 12
鏖, 12
遶, 12
鄞, 12
媞, 12
棼, 12
媜, 12
璉, 11
洌, 11
伉, 11
煇, 11
倬, 11
螟, 11
覃, 11
釗, 11
淦, 11
譙, 11
縟, 11
諛, 11
煬, 11
輊, 11
潼, 11
瀅, 11
鈐, 11
鵠, 11
髯, 11
簪, 11
峋, 11
儻, 11
醯, 11
僂, 11
揠, 11
舷, 11
豋, 11
儆, 11
滕, 11
硃, 11
凄, 11
嵋, 11
ㄨ, 11
柩, 11
壼, 11
楂, 11
螯, 11
驍, 11
墬, 11
逖, 11
鐐, 11
蓊, 11
鎩, 11
鬩, 11
蜍, 11
鎧, 11
痾, 11
砭, 11
濯, 11
鹵, 11
蛆, 11
獺, 11
茍, 11
嶂, 11
麂, 11
唁, 11
暐, 11
覈, 11
襁, 11
腩, 11
屣, 11
叟, 11
疥, 11
箸, 11
挲, 11
宓, 11
餛, 11
飩, 11
鷓, 11
胛, 11
顴, 11
蕎, 11
菖, 11
跩, 11
陂, 11
~, 11
楝, 10
葩, 10
犖, 10
楹, 10
妲, 10
彫, 10
襤, 10
謁, 10
邈, 10
藜, 10
揖, 10
餬, 10
獠, 10
炷, 10
摜, 10
倜, 10
枳, 10
颶, 10
蹙, 10
嶸, 10
佻, 10
驃, 10
鋏, 10
盂, 10
髖, 10
皰, 10
坨, 10
炕, 10
滁, 10
劭, 10
癆, 10
啐, 10
涇, 10
坵, 10
囁, 10
姝, 10
臊, 10
苒, 10
洵, 10
笞, 10
榛, 10
蓽, 10
疸, 10
孛, 10
嬈, 10
遢, 10
蛺, 10
鴣, 10
˙, 10
槿, 10
讒, 10
窣, 10
罣, 10
簑, 10
苡, 10
菘, 10
煲, 10
戛, 10
泠, 10
氦, 10
鎰, 10
黟, 10
畛, 9
騮, 9
掖, 9
仃, 9
湳, 9
鯁, 9
穠, 9
槁, 9
瘉, 9
篙, 9
廋, 9
悱, 9
謫, 9
傚, 9
驁, 9
螫, 9
詆, 9
掄, 9
殄, 9
訃, 9
緹, 9
顥, 9
嬪, 9
斛, 9
圮, 9
縹, 9
恫, 9
鉉, 9
闇, 9
蟠, 9
狷, 9
綣, 9
牝, 9
睥, 9
麾, 9
麈, 9
袈, 9
裟, 9
瓠, 9
孃, 9
鰈, 9
縊, 9
妯, 9
娌, 9
臃, 9
宥, 9
鍚, 9
靼, 9
莧, 9
蓖, 9
蓼, 9
掂, 9
爿, 9
嵇, 9
蹼, 9
摳, 9
鵪, 9
暹, 9
闈, 9
噫, 9
俎, 9
狎, 9
捌, 9
躥, 9
鶲, 9
鈽, 9
瓩, 9
弈, 9
魟, 9
穰, 9
屘, 9
╱, 9
鐻, 9
髹, 9
澶, 9
亳, 8
挂, 8
朕, 8
泗, 8
黍, 8
茼, 8
衲, 8
矓, 8
殤, 8
僮, 8
豺, 8
樽, 8
痧, 8
噌, 8
薊, 8
棱, 8
黔, 8
韙, 8
蓑, 8
獃, 8
翳, 8
殭, 8
霽, 8
媾, 8
墘, 8
闃, 8
摶, 8
毬, 8
柒, 8
焯, 8
苜, 8
靳, 8
鍘, 8
萋, 8
逯, 8
撢, 8
鬻, 8
椽, 8
恂, 8
欷, 8
暸, 8
茯, 8
怏, 8
鶉, 8
腊, 8
窸, 8
鱈, 8
鴇, 8
拽, 8
囔, 8
茴, 8
苧, 8
砡, 8
焱, 8
顢, 8
頇, 8
阡, 8
鼯, 8
玨, 8
焗, 8
庹, 8
鼕, 8
騏, 8
衖, 8
俵, 8
蜆, 8
^, 8
|, 8
璦, 7
懍, 7
韃, 7
葯, 7
螻, 7
仞, 7
瓚, 7
觔, 7
喏, 7
怙, 7
愎, 7
稗, 7
慳, 7
萼, 7
禺, 7
捋, 7
髭, 7
嗐, 7
擤, 7
幗, 7
鱖, 7
飧, 7
痹, 7
蛟, 7
隄, 7
蕞, 7
鋃, 7
愓, 7
檄, 7
漥, 7
諢, 7
邯, 7
鄲, 7
諂, 7
篾, 7
扦, 7
胄, 7
鈿, 7
篠, 7
呶, 7
齷, 7
齪, 7
暝, 7
竽, 7
弼, 7
蘅, 7
鎌, 7
牯, 7
蘄, 7
鞣, 7
僭, 7
鶒, 7
鰥, 7
躂, 7
泱, 7
尸, 7
嗄, 7
啁, 7
魈, 7
昴, 7
ㄆ, 7
鰹, 7
搾, 7
栱, 7
怩, 7
嫋, 7
齜, 7
鯰, 7
薜, 7
鷚, 7
孋, 7
臚, 7
鯖, 7
郅, 7
觿, 7
娳, 7
羋, 7
愆, 7
礬, 7
獮, 7
鎝, 7
嶝, 7
襦, 7
杲, 7
渻, 7
脘, 6
癘, 6
燹, 6
羼, 6
漕, 6
濠, 6
仳, 6
虯, 6
躑, 6
躅, 6
慇, 6
脩, 6
忝, 6
幃, 6
紺, 6
鈸, 6
涿, 6
蜉, 6
晢, 6
熒, 6
珞, 6
ㄍ, 6
<, 6
磻, 6
銨, 6
峪, 6
浞, 6
滓, 6
瘖, 6
砦, 6
珪, 6
洙, 6
繾, 6
獒, 6
倨, 6
褙, 6
傖, 6
紈, 6
枒, 6
訾, 6
犛, 6
綰, 6
霪, 6
腌, 6
晞, 6
澂, 6
柙, 6
衹, 6
芾, 6
瑗, 6
埸, 6
垚, 6
筮, 6
鄺, 6
蝣, 6
掇, 6
嗒, 6
鯡, 6
葺, 6
鬈, 6
鶵, 6
溟, 6
蹓, 6
倥, 6
傯, 6
駑, 6
鰱, 6
趺, 6
芨, 6
嬝, 6
鼴, 6
旎, 6
刈, 6
泵, 6
讌, 6
Γ, 6
溽, 6
頜, 6
襠, 6
肓, 6
忸, 6
楫, 6
餑, 6
屌, 6
鴟, 6
虒, 6
鷿, 6
炔, 6
蓿, 6
柺, 6
剉, 6
纛, 6
頫, 6
笳, 6
儺, 6
\, 6
雰, 6
菈, 6
魴, 6
耦, 5
粕, 5
汾, 5
撣, 5
癈, 5
磔, 5
剜, 5
坳, 5
睢, 5
弒, 5
躓, 5
蛔, 5
徇, 5
笏, 5
釆, 5
晁, 5
斫, 5
椪, 5
瀣, 5
湟, 5
搆, 5
綹, 5
ㄒ, 5
鄴, 5
妣, 5
荻, 5
錳, 5
靛, 5
冢, 5
摑, 5
刎, 5
竦, 5
遒, 5
芃, 5
袞, 5
洸, 5
莿, 5
痼, 5
裾, 5
囀, 5
獐, 5
肄, 5
燐, 5
潸, 5
炤, 5
灝, 5
蒨, 5
諶, 5
瀲, 5
靉, 5
錟, 5
蕺, 5
嶢, 5
盱, 5
褘, 5
泫, 5
饈, 5
賅, 5
衩, 5
唄, 5
蠆, 5
鸕, 5
鶿, 5
嵯, 5
鰩, 5
旖, 5
棻, 5
貔, 5
楸, 5
嚶, 5
鳧, 5
鎯, 5
堉, 5
藿, 5
廨, 5
麃, 5
旌, 5
嗖, 5
叵, 5
誒, 5
阯, 5
万, 5
搯, 5
踫, 5
忮, 5
茭, 5
欒, 5
鑠, 5
硒, 5
啵, 5
鐳, 5
鄔, 5
鉚, 5
μ, 5
霈, 5
鱘, 5
鶼, 5
櫟, 5
汆, 5
橈, 5
靚, 5
嬴, 5
彊, 5
蠹, 5
睭, 5
矸, 5
跫, 5
Ο, 5
孬, 5
曩, 5
矍, 5
ㄔ, 5
麩, 5
疝, 5
ˋ, 5
訏, 5
洱, 5
ˇ, 5
撚, 5
埆, 5
萩, 5
簋, 5
盉, 5
銫, 4
擯, 4
勦, 4
彧, 4
帙, 4
秣, 4
郢, 4
沏, 4
稹, 4
岫, 4
薙, 4
踊, 4
誑, 4
妁, 4
糅, 4
沆, 4
箜, 4
篌, 4
敉, 4
忻, 4
侗, 4
攆, 4
溘, 4
鄱, 4
瓔, 4
＋, 4
焠, 4
駟, 4
犄, 4
褵, 4
讎, 4
慓, 4
儈, 4
鶱, 4
躉, 4
芧, 4
戢, 4
睇, 4
淀, 4
炖, 4
踼, 4
璘, 4
轡, 4
泮, 4
驄, 4
賒, 4
墀, 4
杼, 4
桴, 4
誥, 4
酈, 4
麇, 4
銼, 4
歔, 4
寖, 4
鷂, 4
磡, 4
櫪, 4
鵜, 4
鶘, 4
棪, 4
鵟, 4
貅, 4
撳, 4
罅, 4
崽, 4
ˊ, 4
ㄇ, 4
驒, 4
彖, 4
噘, 4
眛, 4
酡, 4
搡, 4
逶, 4
荸, 4
崳, 4
毐, 4
暾, 4
鐶, 4
冪, 4
鴆, 4
臠, 4
嫺, 4
蚋, 4
＆, 4
瑢, 4
鍶, 4
侑, 4
鱔, 4
齙, 4
j, 4
呤, 4
鬘, 4
檣, 4
衪, 4
痂, 4
螣, 4
黷, 4
仝, 4
蝎, 4
鱺, 4
嵙, 4
緄, 4
濰, 4
嚭, 4
輜, 4
蠑, 4
螈, 4
葭, 4
鋇, 4
璲, 4
嵾, 4
猁, 4
ㄢ, 4
鉑, 4
沰, 4
瓤, 4
鯷, 4
嬿, 4
", 4
罌, 4
贗, 4
鎏, 4
蕷, 4
缹, 4
覡, 4
晷, 4
瑭, 4
醚, 4
帔, 4
蹻, 3
潁, 3
捭, 3
聵, 3
扑, 3
嬛, 3
綮, 3
皤, 3
鄣, 3
薌, 3
擣, 3
殫, 3
蹧, 3
翕, 3
簞, 3
懃, 3
慝, 3
遝, 3
怍, 3
誚, 3
篦, 3
篥, 3
喨, 3
勱, 3
岈, 3
夯, 3
剮, 3
螄, 3
謖, 3
ㄏ, 3
ㄐ, 3
ㄑ, 3
戍, 3
奩, 3
疋, 3
稈, 3
毌, 3
幘, 3
鍼, 3
嫈, 3
黧, 3
嵬, 3
駢, 3
踅, 3
兀, 3
瀍, 3
喈, 3
ㄌ, 3
ㄠ, 3
鈀, 3
湔, 3
怜, 3
檉, 3
糸, 3
硐, 3
輅, 3
螓, 3
疔, 3
癤, 3
耄, 3
耋, 3
砣, 3
蚧, 3
闥, 3
攖, 3
觥, 3
蕁, 3
鎡, 3
囟, 3
喱, 3
莪, 3
蜇, 3
椹, 3
玦, 3
娉, 3
葑, 3
磧, 3
嘓, 3
崠, 3
茞, 3
貘, 3
邛, 3
磽, 3
杈, 3
俁, 3
炘, 3
ㄟ, 3
呲, 3
蚶, 3
旼, 3
瀦, 3
汭, 3
橿, 3
愍, 3
曷, 3
咷, 3
挎, 3
趿, 3
煢, 3
筧, 3
苪, 3
鑷, 3
匏, 3
佾, 3
鯢, 3
琤, 3
螭, 3
煖, 3
疪, 3
鉦, 3
儸, 3
璥, 3
豕, 3
鶖, 3
頏, 3
鵊, 3
鵒, 3
鎢, 3
軛, 3
蘗, 3
烝, 3
僨, 3
鮀, 3
湎, 3
銦, 3
剡, 3
俍, 3
惇, 3
曚, 3
囍, 3
魨, 3
蜱, 3
蚺, 3
豉, 3
氙, 3
郜, 3
諏, 3
蓴, 3
歟, 3
烺, 3
珥, 3
巉, 3
槊, 3
嘵, 3
漶, 3
歆, 3
梔, 3
繨, 3
絳, 3
鯔, 3
嗥, 3
儐, 3
敻, 3
諡, 3
佶, 3
灕, 3
楬, 3
頎, 3
籓, 3
饜, 3
禕, 3
, 3
嵊, 3
鷳, 3
陜, 3
弁, 3
黥, 3
+, 3
輥, 3
忒, 3
孖, 3
酐, 3
徂, 3
勰, 3
醢, 3
琄, 3
韞, 3
轤, 3
蕗, 3
驤, 3
祜, 2
蛉, 2
錏, 2
蘢, 2
耨, 2
坌, 2
鑪, 2
薾, 2
檗, 2
砵, 2
蒺, 2
緙, 2
瘐, 2
圯, 2
頦, 2
鑊, 2
逑, 2
眊, 2
憍, 2
龢, 2
芩, 2
肱, 2
薷, 2
塽, 2
逋, 2
漚, 2
舂, 2
殍, 2
緡, 2
苖, 2
屙, 2
竑, 2
ㄎ, 2
ㄙ, 2
氬, 2
惲, 2
噲, 2
箬, 2
湲, 2
薤, 2
媟, 2
莤, 2
廩, 2
瑱, 2
漯, 2
礽, 2
戔, 2
扥, 2
圻, 2
遄, 2
鋩, 2
涌, 2
鎬, 2
奭, 2
ㄞ, 2
縲, 2
茀, 2
鼐, 2
闞, 2
蝤, 2
蠐, 2
砝, 2
囌, 2
蒴, 2
Β, 2
陬, 2
獪, 2
夤, 2
闓, 2
邕, 2
颲, 2
魍, 2
獾, 2
丏, 2
郤, 2
鼇, 2
栳, 2
秭, 2
巘, 2
閶, 2
礨, 2
兕, 2
茬, 2
崍, 2
蹚, 2
蝀, 2
ㄡ, 2
蛄, 2
㏄, 2
埼, 2
㎡, 2
粲, 2
豊, 2
鏐, 2
璫, 2
欞, 2
憼, 2
隈, 2
㎜, 2
罝, 2
塋, 2
艮, 2
昵, 2
幛, 2
潲, 2
摞, 2
饃, 2
蔫, 2
畈, 2
乜, 2
戧, 2
攥, 2
嘁, 2
茢, 2
棨, 2
倀, 2
籀, 2
煚, 2
虌, 2
蕬, 2
卲, 2
軝, 2
菡, 2
拏, 2
踟, 2
躕, 2
泩, 2
槎, 2
唎, 2
牖, 2
椋, 2
瀘, 2
瘢, 2
燾, 2
釷, 2
鍙, 2
禛, 2
×, 2
岠, 2
匭, 2
尢, 2
罡, 2
礐, 2
汫, 2
焢, 2
迻, 2
嘌, 2
焐, 2
洼, 2
紆, 2
菟, 2
徭, 2
汱, 2
佉, 2
怛, 2
跏, 2
枵, 2
絭, 2
旄, 2
錩, 2
輳, 2
瘼, 2
囓, 2
扺, 2
桷, 2
恓, 2
舁, 2
搠, 2
禳, 2
鋙, 2
蘼, 2
騃, 2
嶧, 2
鱧, 2
褊, 2
謇, 2
鷯, 2
姘, 2
棹, 2
撘, 2
雩, 2
戽, 2
袸, 2
咂, 2
黐, 2
ㄉ, 2
蛞, 2
蝓, 2
儌, 2
艄, 2
ㄥ, 2
蓯, 2
媄, 2
廄, 2
澔, 2
堠, 2
“, 2
檎, 2
甑, 2
枘, 2
淄, 2
炆, 2
粑, 2
稞, 2
埡, 2
禚, 2
絛, 2
γ, 2
祼, 2
殛, 2
鎣, 2
昺, 2
潞, 2
軑, 2
屨, 2
, 2
冏, 2
蝯, 2
煸, 2
蠋, 2
蠨, 2
蛸, 2
…, 2
榗, 2
繖, 2
│, 2
萣, 2
渫, 2
榦, 2
瞶, 2
詵, 2
縠, 2
罍, 2
鯪, 2
鵂, 2
鶹, 2
燧, 2
酖, 2
屄, 2
磞, 2
粄, 2
唃, 2
沭, 2
鶡, 2
阨, 2
魽, 2
衕, 2
蟶, 2
鱟, 2
鱣, 2
諤, 2
墱, 2
鮓, 2
鯇, 2
鮫, 2
蠖, 2
茳, 2
暻, 1
佤, 1
傣, 1
僳, 1
嘧, 1
啶, 1
郇, 1
溦, 1
顒, 1
峴, 1
猞, 1
柜, 1
肕, 1
玕, 1
籔, 1
篁, 1
胜, 1
耷, 1
跿, 1
轗, 1
膂, 1
瞽, 1
瞍, 1
葸, 1
廔, 1
壎, 1
迼, 1
鏵, 1
氐, 1
蚍, 1
罊, 1
漵, 1
郴, 1
椔, 1
喑, 1
ㄗ, 1
ㄘ, 1
ㄩ, 1
ㄦ, 1
淥, 1
挈, 1
坼, 1
眇, 1
垓, 1
踡, 1
嬖, 1
劦, 1
搿, 1
羝, 1
鷙, 1
瘝, 1
袛, 1
鉶, 1
巇, 1
鶢, 1
臏, 1
諗, 1
跂, 1
桭, 1
喣, 1
晡, 1
。, 1
鰜, 1
汔, 1
熛, 1
卍, 1
搴, 1
騂, 1
迓, 1
檥, 1
翥, 1
霙, 1
塴, 1
埵, 1
迶, 1
栲, 1
坩, 1
堝, 1
廛, 1
Μ, 1
嶴, 1
峖, 1
槴, 1
慉, 1
躞, 1
邙, 1
庋, 1
樅, 1
曭, 1
譖, 1
璊, 1
鑞, 1
瓘, 1
轂, 1
垵, 1
觾, 1
餱, 1
皸, 1
嘜, 1
銻, 1
崆, 1
鷭, 1
慼, 1
洮, 1
滆, 1
旛, 1
芶, 1
鋆, 1
仉, 1
摮, 1
羆, 1
珙, 1
埧, 1
鉬, 1
苹, 1
嫄, 1
珽, 1
膈, 1
檮, 1
纇, 1
, 1
洫, 1
廒, 1
鼘, 1
蓍, 1
堞, 1
撅, 1
崚, 1
錝, 1
衾, 1
訇, 1
磣, 1
粳, 1
釅, 1
旮, 1
旯, 1
硌, 1
銃, 1
柞, 1
枹, 1
劄, 1
噉, 1
λ, 1
棶, 1
倕, 1
挀, 1
塯, 1
Ⅳ, 1
鴃, 1
塙, 1
懞, 1
輲, 1
夗, 1
笥, 1
潯, 1
軵, 1
仴, 1
崤, 1
翫, 1
枺, 1
豸, 1
箐, 1
玠, 1
彘, 1
刖, 1
銛, 1
沔, 1
鴥, 1
洿, 1
喒, 1
揜, 1
鶗, 1
邶, 1
澧, 1
鵓, 1
褕, 1
穸, 1
紿, 1
脥, 1
鯧, 1
髀, 1
鍆, 1
碲, 1
綞, 1
鰾, 1
旡, 1
汜, 1
鑌, 1
隡, 1
蕹, 1
髁, 1
痱, 1
灞, 1
歈, 1
溱, 1
箂, 1
芫, 1
涴, 1
縭, 1
矬, 1
詑, 1
奼, 1
豇, 1
肫, 1
胇, 1
羧, 1
膕, 1
髕, 1
筌, 1
涪, 1
＝, 1
縉, 1
錀, 1
隹, 1
唵, 1
吽, 1
鎃, 1
栴, 1
犍, 1
恚, 1
婬, 1
襌, 1
焌, 1
熿, 1
貺, 1
瓂, 1
氡, 1
趼, 1
睕, 1
寤, 1
甓, 1
扠, 1
犘, 1
糶, 1
汧, 1
俬, 1
躝, 1
襞, 1
庀, 1
鼉, 1
梠, 1
鴅, 1
魃, 1
騅, 1
桉, 1
栖, 1
醵, 1
繢, 1
鶊, 1
懽, 1
鷟, 1
趑, 1
趄, 1
惙, 1
顙, 1
鮠, 1
綃, 1
騭, 1
驩, 1
凘, 1
窅, 1
耒, 1
脬, 1
？, 1
凈, 1
挼, 1
庂, 1
椈, 1
廡, 1
錈, 1
齧, 1
祅, 1
佞, 1
皵, 1
氅, 1
杕, 1
眯, 1
縻, 1
蔕, 1
椼, 1
槻, 1
睚, 1
呣, 1
縳, 1
囃, 1
睅, 1
篋, 1
齕, 1
餔, 1
婐, 1
瀼, 1
耑, 1
犰, 1
狳, 1
魎, 1
佢, 1
抔, 1
澠, 1
懌, 1
挌, 1
蒡, 1
隰, 1
濇, 1
陴, 1
挻, 1
檞, 1
泐, 1
菴, 1
輞, 1
芘, 1
妏, 1
譫, 1
ㄣ, 1
惓, 1
癰, 1
眭, 1
槔, 1
醪, 1
@, 1
”, 1
鏑, 1
岭, 1
褡, 1
憓, 1
酘, 1
煃, 1
瞉, 1
譪, 1
鉆, 1
鬲, 1
甗, 1
斝, 1
灤, 1
螗, 1
鉏, 1
侔, 1
栝, 1
蔞, 1
椇, 1
蹠, 1
鉥, 1
媺, 1
籥, 1
槨, 1
裫, 1
臌, 1
啍, 1
蝺, 1
嶔, 1
玊, 1
溏, 1
糌, 1
旳, 1
□, 1
阼, 1
蝥, 1
箎, 1
ㄋ, 1
摡, 1
賾, 1
鰷, 1
蚳, 1
塱, 1
孥, 1
壆, 1
燮, 1
痳, 1
`, 1
埜, 1
柰, 1
鯙, 1
雃, 1
癉, 1
鍞, 1
╮, 1
堇, 1
壔, 1
盷, 1
噚, 1
鐃, 1
衴, 1
膲, 1
蟯, 1
婭, 1
戇, 1
墁, 1
榱, 1
閼, 1
旃, 1
鱵, 1
薀, 1
覿, 1
綷, 1
︰, 1
稙, 1
堍, 1
榎, 1
蓇, 1
葖, 1
樨, 1
佮, 1
嘏, 1
瞜, 1
闐, 1
酹, 1
凐, 1
琊, 1
琖, 1
櫨, 1
磉, 1
琲, 1
剴, 1
貉, 1
雎, 1
泞, 1
玀, 1
洁, 1
祤, 1
婊, 1
埏, 1
硨, 1
磲, 1
鉺, 1
釹, 1
蟴, 1
澴, 1
鍺, 1
鉭, 1
鍔, 1
蹐, 1
拑, 1
迆, 1
彀, 1
℉, 1
燔, 1
「, 1
洎, 1
梱, 1
橐, 1
銣, 1
溴, 1
羰, 1
縴, 1
赸, 1
痒, 1
苕, 1
簟, 1
唒, 1
彳, 1
亍, 1
觜, 1
鄜, 1
憒, 1
闍, 1
硅, 1
洴, 1
瓮, 1
鏇, 1
笄, 1
繅, 1
酆, 1
廘, 1
扢, 1
闋, 1
雈, 1
脤, 1
搢, 1
漭, 1
菕, 1
餼, 1
傜, 1
紱, 1
鼷, 1
鶻, 1
垤, 1
衚, 1
燛, 1
欱, 1
蹕, 1
膘, 1
牣, 1
鰉, 1
垸, 1
髫, 1
黻, 1
蜮, 1
僩, 1
誆, 1
桫, 1
屺, 1
牚, 1
荅, 1
餧, 1
唊, 1
齵, 1
苙, 1
縋, 1
鱭, 1
菰, 1
忞, 1
焄, 1
櫳, 1
郯, 1
黹, 1
蕖, 1
埴, 1
瘌, 1
縵, 1
砢, 1
衿, 1
